nodeID,networkCanvasEgoUUID,networkCanvasUUID,name,code,type
1,ccc88bc4-116a-437f-a3e3-d56d106c70df,fb077b3b66e7aad00881dae78446ee6b9b573aee,Roscoe’s,ROSCOES,Bar
2,ccc88bc4-116a-437f-a3e3-d56d106c70df,eeca1020c21575877fdcfbd612eaa35b704dfcdc,grindR,GRINDR,App
3,ccc88bc4-116a-437f-a3e3-d56d106c70df,025d805cebbf22e51e281e688b5617fb178bf467,Scruff,SCRUFF,App
4,ccc88bc4-116a-437f-a3e3-d56d106c70df,2ac79cb1ff67f5451fd81704deea0353157ef379,Steamworks,STEAMWORKS,Other
5,ccc88bc4-116a-437f-a3e3-d56d106c70df,55c8f2317a0e3521bfc73b09e15650b5d1fcd969,Facebook,FACEBOOK,App
6,ccc88bc4-116a-437f-a3e3-d56d106c70df,dece6dd0-b877-40c0-b59b-2db1a18633c4,My house,,
