nodeID,networkCanvasEgoUUID,networkCanvasUUID,name,sex_partner,phone,age,weight,height,race_white,race_black,race_asian,race_hisp,hair,first_sex,last_sex,num_times,gender_cis_male,gender_cis_female,gender_trans_male,gender_trans_female,gender_other,pregnant_yes,pregnant_no,partner_type_regular,partner_type_fwb,partner_type_anon,partner_type_spouse,partner_type_other,venue_met_bar,venue_met_bath,venue_met_internet,condoms_yes,condoms_sometimes,condoms_no,layout_x,layout_y,benefit_from_test,first_name,last_name,descrip_other,preferred_name,outside_IL_y,outside_IL_n,bar_specific_1,bar_specific_2,bar_specific_3,bar_specific_4,bar_specific_5,bar_specific_6,bar_specific_7,bar_specific_o,internet_specific_1,internet_specific_2,internet_specific_3,internet_specific_4,internet_specific_5,internet_specific_6,internet_specific_7,internet_specific_o,ego_injection_drug_partner,HIV_positive,partner_sex_role_bottom,partner_sex_role_top,partner_sex_role_vers,partner_sex_role_NA,partner_sex_type_anal,partner_sex_type_oral,partner_sex_type_vaginal,address,injection_drug_use,null
7,ccc88bc4-116a-437f-a3e3-d56d106c70df,e2afc5cc-3063-4f10-b609-db16d366144f,John,true,123-456-7891,33,200,6' 1'',true,false,false,false,brown,2021-05-21,2022-03-18,10,true,false,false,false,,false,false,true,false,false,false,,true,false,true,false,true,false,0.5622505481283612,0.29124677555599,true,John,W,,John,false,true,true,false,false,false,false,false,false,,true,false,false,false,false,false,false,,,,false,true,false,false,true,true,false,123 Main St,,
8,ccc88bc4-116a-437f-a3e3-d56d106c70df,19be0c9b-ec60-43a2-9ad6-af6e7efcc148,Chris,true,123-573-1823,35,160,5' 10'',false,true,false,false,green,2021-08-26,2022-04-14,8,true,false,false,false,,false,false,false,true,false,false,,false,true,false,false,true,false,0.4036101660692772,0.6606461135013346,true,Chris,S,@chris,Chris,false,true,false,false,false,false,false,false,false,,false,false,false,false,false,false,false,,,true,true,false,false,false,true,true,false,542 Street St,,
9,ccc88bc4-116a-437f-a3e3-d56d106c70df,873ca6f0-a094-4024-8d4a-4fa451294d86,Grant,true,,,,,false,false,false,false,,2022-02-17,2022-02-17,1,false,false,true,false,,false,true,false,false,true,false,,false,false,true,true,false,false,0.29061976769763875,0.4558575944329263,,,,,,false,true,false,false,false,false,false,false,false,,false,false,false,true,false,false,false,,,,false,false,true,false,false,true,false,,,
10,ccc88bc4-116a-437f-a3e3-d56d106c70df,ae9d61d0-73b3-42f0-acd7-f0e396012919,Ian,true,,,,,false,false,false,false,,2022-01-01,2022-04-14,3,true,false,false,false,,false,false,false,false,true,false,,true,false,true,true,false,false,0.5313522552641801,0.6692486535798133,,,,,,true,false,true,false,false,false,false,false,false,,false,false,false,false,false,false,true,,,,false,true,false,false,true,true,false,,,
11,ccc88bc4-116a-437f-a3e3-d56d106c70df,e968f461-d073-45de-af93-9d14e7f34c6b,Tom,true,235-747-1282,25,unknown,5' 8'',false,false,true,false,black,2021-08-25,2022-03-17,5,false,false,true,false,,false,true,false,true,false,false,,false,false,true,false,false,true,0.6893426461891107,0.5614887179572541,,Tom,J,,TJ,false,true,false,false,false,false,false,false,false,,false,false,false,true,false,false,false,,,,true,false,false,false,false,true,true,457 Road,true,
12,ccc88bc4-116a-437f-a3e3-d56d106c70df,4d0e6f56-948f-49df-9de1-a487ec57cb40,Drew,,123-737-2727,42,130,5' 2'',false,false,false,true,brown,,,,false,false,false,true,,false,false,false,false,false,false,,false,false,false,false,false,false,0.575602344776021,0.4476007815482219,true,Andrew,W,,Drew,false,false,false,false,false,false,false,false,false,,false,false,false,false,false,false,false,,true,,false,false,false,false,false,false,false,Unknown,true,
13,ccc88bc4-116a-437f-a3e3-d56d106c70df,ccc15a37-fc50-43b9-a231-5c84b1ff0a24,Jason,,282-348-1828,28,180,6' 1'',true,false,false,false,brown,,,,false,false,false,false,nonbinary,false,true,false,false,false,false,,false,false,false,false,false,false,0.4485465442980486,0.43021246771508376,true,Jason,D,tattoo on leg,Jason,false,false,false,false,false,false,false,false,false,,false,false,false,false,false,false,false,,true,,false,false,false,false,false,false,false,201 Lake St,true,
