nodeID,networkCanvasEgoUUID,networkCanvasUUID,name,sex_partner,phone,age,weight,height,race_white,race_black,race_asian,race_hisp,hair,first_sex,last_sex,num_times,gender_cis_male,gender_cis_female,gender_trans_male,gender_trans_female,gender_other,pregnant_yes,pregnant_no,partner_type_regular,partner_type_fwb,partner_type_anon,partner_type_spouse,partner_type_other,venue_met_bar,venue_met_bath,venue_met_internet,condoms_yes,condoms_sometimes,condoms_no,layout_x,layout_y,benefit_from_test,first_name,last_name,descrip_other,preferred_name,outside_IL_y,outside_IL_n,bar_specific_1,bar_specific_2,bar_specific_3,bar_specific_4,bar_specific_5,bar_specific_6,bar_specific_7,bar_specific_o,internet_specific_1,internet_specific_2,internet_specific_3,internet_specific_4,internet_specific_5,internet_specific_6,internet_specific_7,internet_specific_o,ego_injection_drug_partner,HIV_positive,partner_sex_role_bottom,partner_sex_role_top,partner_sex_role_vers,partner_sex_role_NA,partner_sex_type_anal,partner_sex_type_oral,partner_sex_type_vaginal,address,injection_drug_use,null
7,6dbddd18-1abb-47fe-9869-ab4e5721171c,04489250-dc0c-4e30-9190-e8bc43833ff0,A,true,1234553,23,200,5' 8'',false,true,false,false,brown,2021-08-26,2022-02-17,10,false,true,false,false,,false,true,false,true,false,false,,true,false,false,true,false,false,0.3526007326081576,0.5933920420016183,true,A,R,,A,false,true,true,false,true,false,false,false,false,,false,false,false,false,false,false,false,,,true,false,true,false,false,true,true,true,123,true,
8,6dbddd18-1abb-47fe-9869-ab4e5721171c,9b6b6681-d94a-43a9-b576-4778249efd93,B,true,1234123,43,180,6' 1'',true,false,false,true,black,2022-02-10,2022-02-11,2,false,true,false,false,,false,true,false,true,false,false,,false,false,true,false,true,false,0.5157868683870744,0.6685297898531061,,B,D,,Bob,false,true,false,false,false,false,false,false,false,,true,true,false,false,false,false,false,,,,false,false,true,false,true,true,false,544,,
9,6dbddd18-1abb-47fe-9869-ab4e5721171c,600b720c-2707-436e-b903-0398d2627907,C,true,654334634,37,150,5' 4'',false,false,true,false,short,2022-05-03,2022-05-03,1,true,false,false,false,,false,false,true,false,false,false,,true,false,false,false,false,true,0.49153460214128564,0.34683449463797916,true,C,D,,Carl,false,true,true,false,false,false,false,false,false,,false,false,false,false,false,false,false,,,true,false,false,false,true,false,true,false,388 ,false,
10,6dbddd18-1abb-47fe-9869-ab4e5721171c,0023c4c5-89a0-4de7-a559-5350ed67b991,D,true,273717,29,160,5' 9'',true,false,false,false,,2021-08-26,2022-01-06,6,true,false,false,false,,false,false,true,false,false,false,,false,true,false,true,false,false,0.6447153441467401,0.5715236236826775,true,D,J,,DJ,true,false,false,false,false,false,false,false,false,,false,false,false,false,false,false,false,,,,true,false,false,false,false,true,true,7237,,
11,6dbddd18-1abb-47fe-9869-ab4e5721171c,443501d9-c80e-443c-922b-426acd9ebc02,E,true,2738938383,30,130,5' 2'',false,false,true,false,,2021-05-27,2022-05-04,6,true,false,false,false,,false,false,false,true,false,false,,false,true,false,false,true,false,0.3414727168032875,0.4269031261696876,,E,P,,Emily,false,true,false,false,false,false,false,false,false,,false,false,false,false,false,false,false,,,,true,false,false,false,true,true,false,345,,
12,6dbddd18-1abb-47fe-9869-ab4e5721171c,99d4afa9-0936-4e3b-ac59-d953e0a3e8ec,F,,23566644523,39,,,false,true,false,false,brown,2021-08-27,2021-10-15,6,false,false,true,false,,true,false,false,false,false,false,,false,false,false,false,false,false,0.6506599446036161,0.3925209935296864,true,F,T,@f on social media,Fred,false,false,false,false,false,false,false,false,false,,false,false,false,false,false,false,false,,true,,false,false,false,true,false,false,true,34451,true,
