nodeID,networkCanvasEgoUUID,networkCanvasUUID,name,venue_layout_x,venue_layout_y,venue_met,venue_sex,venue_drugs,code,type
1,6dbddd18-1abb-47fe-9869-ab4e5721171c,fb077b3b66e7aad00881dae78446ee6b9b573aee,Roscoe’s,0.45067639034213625,0.34259393588280873,,,,ROSCOES,Bar
2,6dbddd18-1abb-47fe-9869-ab4e5721171c,e3bdd9480132b3a5b83d6be9fd53348681815204,Sidetrack,0.6197786192848217,0.36710903257599004,,,true,SIDETRACK,Bar
3,6dbddd18-1abb-47fe-9869-ab4e5721171c,47c224f7fb92bb9fe1d2cadecfac26056d986fe4,Progress Bar,0.3803670713740984,0.6337241863010481,true,,true,PROGRESS_BAR,Bar
4,6dbddd18-1abb-47fe-9869-ab4e5721171c,2ac79cb1ff67f5451fd81704deea0353157ef379,Steamworks,0.3379328781954111,0.466789619111403,true,true,,STEAMWORKS,Other
5,6dbddd18-1abb-47fe-9869-ab4e5721171c,eeca1020c21575877fdcfbd612eaa35b704dfcdc,grindR,0.5507572154053748,0.6579736573273112,true,,,GRINDR,App
6,6dbddd18-1abb-47fe-9869-ab4e5721171c,3531374f-75de-4dd2-9769-c09ac360788c,Partner's house,0.6613591027995344,0.5327306931436826,false,true,,,
